{
  "config": {
    "features": [
      {
        "feature": {
          "config": {
            "features": [
              {
                "feature": {
                  "config": {
                    "allowed_placement": {
                      "blocks": "#arboria:tree_branch_replaceable",
                      "type": "minecraft:matching_blocks"
                    },
                    "direction": "up",
                    "layers": [
                      {
                        "height": {
                          "type": "minecraft:uniform",
                          "min_inclusive": 3,
                          "max_inclusive": 4
                        },
                        "provider": {
                          "entries": [
                            {
                              "data": {
                                "Name": "minecraft:oak_log",
                                "Properties": {
                                  "axis": "y"
                                }
                              },
                              "weight": 5
                            },
                            {
                              "data": {
                                "Name": "minecraft:stripped_oak_log",
                                "Properties": {
                                  "axis": "y"
                                }
                              },
                              "weight": 3
                            }
                          ],
                          "type": "minecraft:weighted_state_provider"
                        }
                      }
                    ],
                    "prioritize_tip": false
                  },
                  "type": "minecraft:block_column"
                },
                "placement": [
                  {
                    "predicate": {
                      "blocks": "#arboria:tree_branch_replaceable",
                      "type": "minecraft:matching_blocks"
                    },
                    "type": "minecraft:block_predicate_filter"
                  }
                ]
              },
              {
                "feature": {
                  "config": {
                    "allowed_placement": {
                      "blocks": "#arboria:tree_branch_replaceable",
                      "type": "minecraft:matching_blocks"
                    },
                    "direction": "up",
                    "layers": [
                      {
                        "height": {
                          "type": "minecraft:biased_to_bottom",
                          "min_inclusive": 3,
                          "max_inclusive": 4
                        },
                        "provider": {
                          "entries": [
                            {
                              "data": {
                                "Name": "minecraft:oak_log",
                                "Properties": {
                                  "axis": "y"
                                }
                              },
                              "weight": 5
                            },
                            {
                              "data": {
                                "Name": "minecraft:stripped_oak_log",
                                "Properties": {
                                  "axis": "y"
                                }
                              },
                              "weight": 3
                            }
                          ],
                          "type": "minecraft:weighted_state_provider"
                        }
                      }
                    ],
                    "prioritize_tip": false
                  },
                  "type": "minecraft:block_column"
                },
                "placement": [
                  {
                    "predicate": {
                      "blocks": [
                        "minecraft:oak_log",
                        "minecraft:stripped_oak_log"
                      ],
                      "type": "minecraft:matching_blocks"
                    },
                    "type": "minecraft:block_predicate_filter"
                  },
                  {
                    "direction_of_search": "up",
                    "max_steps": 4,
                    "target_condition": {
                      "predicate": {
                        "blocks": [
                          "minecraft:oak_log",
                          "minecraft:stripped_oak_log"
                        ],
                        "type": "minecraft:matching_blocks"
                      },
                      "type": "minecraft:not"
                    },
                    "type": "minecraft:environment_scan"
                  },
                  {
                    "count": 8,
                    "type": "minecraft:count"
                  },
                  {
                    "xz_spread": {
                      "type": "minecraft:uniform",
                      "min_inclusive": -1,
                      "max_inclusive": 0
                    },
                    "y_spread": -1,
                    "type": "minecraft:random_offset"
                  },
                  {
                    "predicate": {
                      "predicates": [
                        {
                          "blocks": "#arboria:tree_branch_replaceable",
                          "type": "minecraft:matching_blocks"
                        },
                        {
                          "blocks": [
                            "minecraft:oak_log",
                            "minecraft:stripped_oak_log"
                          ],
                          "offset": [
                            0,
                            0,
                            1
                          ],
                          "type": "minecraft:matching_blocks"
                        },
                        {
                          "blocks": "#arboria:tree_branch_replaceable",
                          "offset": [
                            0,
                            1,
                            1
                          ],
                          "type": "minecraft:matching_blocks"
                        },
                        {
                          "blocks": "#arboria:tree_branch_replaceable",
                          "offset": [
                            0,
                            1,
                            0
                          ],
                          "type": "minecraft:matching_blocks"
                        }
                      ],
                      "type": "minecraft:all_of"
                    },
                    "type": "minecraft:block_predicate_filter"
                  }
                ]
              }
            ]
          },
          "type": "minecraft:simple_random_selector"
        },
        "placement": [
          {
            "count": 16,
            "type": "minecraft:count"
          },
          {
            "xz_spread": {
              "type": "minecraft:uniform",
              "min_inclusive": -1,
              "max_inclusive": 0
            },
            "y_spread": -1,
            "type": "minecraft:random_offset"
          },
          {
            "predicate": {
              "predicates": [
                {
                  "blocks": "#arboria:tree_branch_replaceable",
                  "type": "minecraft:matching_blocks"
                },
                {
                  "blocks": [
                    "minecraft:oak_log",
                    "minecraft:stripped_oak_log"
                  ],
                  "offset": [
                    0,
                    0,
                    1
                  ],
                  "type": "minecraft:matching_blocks"
                },
                {
                  "blocks": [
                    "minecraft:oak_log",
                    "minecraft:stripped_oak_log"
                  ],
                  "offset": [
                    0,
                    -1,
                    1
                  ],
                  "type": "minecraft:matching_blocks"
                },
                {
                  "blocks": [
                    "minecraft:oak_log",
                    "minecraft:stripped_oak_log"
                  ],
                  "offset": [
                    0,
                    -2,
                    1
                  ],
                  "type": "minecraft:matching_blocks"
                },
                {
                  "blocks": "#arboria:tree_branch_replaceable",
                  "offset": [
                    0,
                    1,
                    1
                  ],
                  "type": "minecraft:matching_blocks"
                },
                {
                  "blocks": "#arboria:tree_branch_replaceable",
                  "offset": [
                    0,
                    1,
                    0
                  ],
                  "type": "minecraft:matching_blocks"
                }
              ],
              "type": "minecraft:all_of"
            },
            "type": "minecraft:block_predicate_filter"
          },
          {
            "count": 28,
            "type": "minecraft:count"
          }
        ]
      }
    ]
  },
  "type": "minecraft:simple_random_selector"
}