{
  "config": {
    "features": [
      {
        "feature": {
          "config": {
            "to_place": {
              "entries": [
                {
                  "data": {
                    "Name": "minecraft:mangrove_log",
                    "Properties": {
                      "axis": "z"
                    }
                  },
                  "weight": 2
                },
                {
                  "data": {
                    "Name": "minecraft:stripped_mangrove_log",
                    "Properties": {
                      "axis": "z"
                    }
                  },
                  "weight": 3
                }
              ],
              "type": "minecraft:weighted_state_provider"
            }
          },
          "type": "minecraft:simple_block"
        },
        "placement": [
          {
            "predicate": {
              "blocks": [
                "minecraft:water",
                "minecraft:seagrass"
              ],
              "type": "minecraft:matching_blocks"
            },
            "type": "minecraft:block_predicate_filter"
          }
        ]
      },
      {
        "feature": {
          "config": {
            "features": [
              {
                "feature": {
                  "config": {
                    "to_place": {
                      "entries": [
                        {
                          "data": {
                            "Name": "minecraft:mangrove_log",
                            "Properties": {
                              "axis": "z"
                            }
                          },
                          "weight": 2
                        },
                        {
                          "data": {
                            "Name": "minecraft:stripped_mangrove_log",
                            "Properties": {
                              "axis": "z"
                            }
                          },
                          "weight": 3
                        }
                      ],
                      "type": "minecraft:weighted_state_provider"
                    }
                  },
                  "type": "minecraft:simple_block"
                },
                "placement": [
                  {
                    "predicate": {
                      "blocks": [
                        "minecraft:water",
                        "minecraft:seagrass"
                      ],
                      "type": "minecraft:matching_blocks"
                    },
                    "type": "minecraft:block_predicate_filter"
                  }
                ]
              },
              {
                "feature": {
                  "config": {
                    "features": [
                      {
                        "feature": {
                          "config": {
                            "to_place": {
                              "entries": [
                                {
                                  "data": {
                                    "Name": "minecraft:mangrove_log",
                                    "Properties": {
                                      "axis": "z"
                                    }
                                  },
                                  "weight": 2
                                },
                                {
                                  "data": {
                                    "Name": "minecraft:stripped_mangrove_log",
                                    "Properties": {
                                      "axis": "z"
                                    }
                                  },
                                  "weight": 3
                                }
                              ],
                              "type": "minecraft:weighted_state_provider"
                            }
                          },
                          "type": "minecraft:simple_block"
                        },
                        "placement": [
                          {
                            "predicate": {
                              "blocks": [
                                "minecraft:water",
                                "minecraft:seagrass"
                              ],
                              "type": "minecraft:matching_blocks"
                            },
                            "type": "minecraft:block_predicate_filter"
                          }
                        ]
                      },
                      {
                        "feature": {
                          "config": {
                            "to_place": {
                              "entries": [
                                {
                                  "data": {
                                    "Name": "minecraft:mangrove_log",
                                    "Properties": {
                                      "axis": "z"
                                    }
                                  },
                                  "weight": 2
                                },
                                {
                                  "data": {
                                    "Name": "minecraft:stripped_mangrove_log",
                                    "Properties": {
                                      "axis": "z"
                                    }
                                  },
                                  "weight": 3
                                }
                              ],
                              "type": "minecraft:weighted_state_provider"
                            }
                          },
                          "type": "minecraft:simple_block"
                        },
                        "placement": [
                          {
                            "predicate": {
                              "blocks": [
                                "minecraft:mangrove_log",
                                "minecraft:stripped_mangrove_log"
                              ],
                              "type": "minecraft:matching_blocks"
                            },
                            "type": "minecraft:block_predicate_filter"
                          },
                          {
                            "xz_spread": {
                              "type": "minecraft:uniform",
                              "min_inclusive": 0,
                              "max_inclusive": 1
                            },
                            "y_spread": 0,
                            "type": "minecraft:random_offset"
                          },
                          {
                            "predicate": {
                              "predicates": [
                                {
                                  "blocks": [
                                    "minecraft:mangrove_log",
                                    "minecraft:stripped_mangrove_log"
                                  ],
                                  "offset": [
                                    0,
                                    0,
                                    -1
                                  ],
                                  "type": "minecraft:matching_blocks"
                                },
                                {
                                  "predicates": [
                                    {
                                      "blocks": "#arboria:dirt",
                                      "offset": [
                                        0,
                                        -1,
                                        0
                                      ],
                                      "type": "minecraft:matching_blocks"
                                    },
                                    {
                                      "blocks": "minecraft:clay",
                                      "offset": [
                                        0,
                                        -1,
                                        0
                                      ],
                                      "type": "minecraft:matching_blocks"
                                    }
                                  ],
                                  "type": "minecraft:any_of"
                                },
                                {
                                  "blocks": [
                                    "minecraft:water",
                                    "minecraft:seagrass"
                                  ],
                                  "type": "minecraft:matching_blocks"
                                },
                                {
                                  "predicate": {
                                    "blocks": [
                                      "minecraft:mangrove_log",
                                      "minecraft:stripped_mangrove_log"
                                    ],
                                    "offset": [
                                      -1,
                                      0,
                                      -1
                                    ],
                                    "type": "minecraft:matching_blocks"
                                  },
                                  "type": "minecraft:not"
                                }
                              ],
                              "type": "minecraft:all_of"
                            },
                            "type": "minecraft:block_predicate_filter"
                          }
                        ]
                      }
                    ]
                  },
                  "type": "minecraft:simple_random_selector"
                },
                "placement": [
                  {
                    "predicate": {
                      "blocks": [
                        "minecraft:mangrove_log",
                        "minecraft:stripped_mangrove_log"
                      ],
                      "type": "minecraft:matching_blocks"
                    },
                    "type": "minecraft:block_predicate_filter"
                  },
                  {
                    "count": 40,
                    "type": "minecraft:count"
                  },
                  {
                    "xz_spread": {
                      "type": "minecraft:uniform",
                      "min_inclusive": 0,
                      "max_inclusive": 1
                    },
                    "y_spread": 0,
                    "type": "minecraft:random_offset"
                  },
                  {
                    "predicate": {
                      "predicates": [
                        {
                          "blocks": [
                            "minecraft:mangrove_log",
                            "minecraft:stripped_mangrove_log"
                          ],
                          "offset": [
                            0,
                            0,
                            -1
                          ],
                          "type": "minecraft:matching_blocks"
                        },
                        {
                          "predicates": [
                            {
                              "blocks": "#arboria:dirt",
                              "offset": [
                                0,
                                -1,
                                0
                              ],
                              "type": "minecraft:matching_blocks"
                            },
                            {
                              "blocks": "minecraft:clay",
                              "offset": [
                                0,
                                -1,
                                0
                              ],
                              "type": "minecraft:matching_blocks"
                            }
                          ],
                          "type": "minecraft:any_of"
                        },
                        {
                          "blocks": [
                            "minecraft:water",
                            "minecraft:seagrass"
                          ],
                          "type": "minecraft:matching_blocks"
                        },
                        {
                          "predicate": {
                            "blocks": [
                              "minecraft:mangrove_log",
                              "minecraft:stripped_mangrove_log"
                            ],
                            "offset": [
                              -1,
                              0,
                              -1
                            ],
                            "type": "minecraft:matching_blocks"
                          },
                          "type": "minecraft:not"
                        }
                      ],
                      "type": "minecraft:all_of"
                    },
                    "type": "minecraft:block_predicate_filter"
                  },
                  {
                    "count": 12,
                    "type": "minecraft:count"
                  }
                ]
              }
            ]
          },
          "type": "minecraft:simple_random_selector"
        },
        "placement": [
          {
            "predicate": {
              "blocks": [
                "minecraft:mangrove_log",
                "minecraft:stripped_mangrove_log"
              ],
              "type": "minecraft:matching_blocks"
            },
            "type": "minecraft:block_predicate_filter"
          },
          {
            "count": 40,
            "type": "minecraft:count"
          },
          {
            "xz_spread": {
              "type": "minecraft:uniform",
              "min_inclusive": 0,
              "max_inclusive": 1
            },
            "y_spread": 0,
            "type": "minecraft:random_offset"
          },
          {
            "predicate": {
              "predicates": [
                {
                  "blocks": [
                    "minecraft:mangrove_log",
                    "minecraft:stripped_mangrove_log"
                  ],
                  "offset": [
                    0,
                    0,
                    -1
                  ],
                  "type": "minecraft:matching_blocks"
                },
                {
                  "predicates": [
                    {
                      "blocks": "#arboria:dirt",
                      "offset": [
                        0,
                        -1,
                        0
                      ],
                      "type": "minecraft:matching_blocks"
                    },
                    {
                      "blocks": "minecraft:clay",
                      "offset": [
                        0,
                        -1,
                        0
                      ],
                      "type": "minecraft:matching_blocks"
                    }
                  ],
                  "type": "minecraft:any_of"
                },
                {
                  "blocks": [
                    "minecraft:water",
                    "minecraft:seagrass"
                  ],
                  "type": "minecraft:matching_blocks"
                },
                {
                  "predicate": {
                    "blocks": [
                      "minecraft:mangrove_log",
                      "minecraft:stripped_mangrove_log"
                    ],
                    "offset": [
                      -1,
                      0,
                      -1
                    ],
                    "type": "minecraft:matching_blocks"
                  },
                  "type": "minecraft:not"
                }
              ],
              "type": "minecraft:all_of"
            },
            "type": "minecraft:block_predicate_filter"
          },
          {
            "count": 28,
            "type": "minecraft:count"
          }
        ]
      },
      {
        "feature": {
          "config": {
            "features": [
              {
                "feature": {
                  "config": {
                    "to_place": {
                      "entries": [
                        {
                          "data": {
                            "Name": "minecraft:mangrove_log",
                            "Properties": {
                              "axis": "z"
                            }
                          },
                          "weight": 2
                        },
                        {
                          "data": {
                            "Name": "minecraft:stripped_mangrove_log",
                            "Properties": {
                              "axis": "z"
                            }
                          },
                          "weight": 3
                        }
                      ],
                      "type": "minecraft:weighted_state_provider"
                    }
                  },
                  "type": "minecraft:simple_block"
                },
                "placement": [
                  {
                    "predicate": {
                      "blocks": [
                        "minecraft:water",
                        "minecraft:seagrass"
                      ],
                      "type": "minecraft:matching_blocks"
                    },
                    "type": "minecraft:block_predicate_filter"
                  }
                ]
              },
              {
                "feature": {
                  "config": {
                    "features": [
                      {
                        "feature": {
                          "config": {
                            "to_place": {
                              "entries": [
                                {
                                  "data": {
                                    "Name": "minecraft:mangrove_log",
                                    "Properties": {
                                      "axis": "z"
                                    }
                                  },
                                  "weight": 2
                                },
                                {
                                  "data": {
                                    "Name": "minecraft:stripped_mangrove_log",
                                    "Properties": {
                                      "axis": "z"
                                    }
                                  },
                                  "weight": 3
                                }
                              ],
                              "type": "minecraft:weighted_state_provider"
                            }
                          },
                          "type": "minecraft:simple_block"
                        },
                        "placement": [
                          {
                            "predicate": {
                              "blocks": [
                                "minecraft:water",
                                "minecraft:seagrass"
                              ],
                              "type": "minecraft:matching_blocks"
                            },
                            "type": "minecraft:block_predicate_filter"
                          }
                        ]
                      },
                      {
                        "feature": {
                          "config": {
                            "to_place": {
                              "entries": [
                                {
                                  "data": {
                                    "Name": "minecraft:mangrove_log",
                                    "Properties": {
                                      "axis": "z"
                                    }
                                  },
                                  "weight": 2
                                },
                                {
                                  "data": {
                                    "Name": "minecraft:stripped_mangrove_log",
                                    "Properties": {
                                      "axis": "z"
                                    }
                                  },
                                  "weight": 3
                                }
                              ],
                              "type": "minecraft:weighted_state_provider"
                            }
                          },
                          "type": "minecraft:simple_block"
                        },
                        "placement": [
                          {
                            "predicate": {
                              "blocks": [
                                "minecraft:mangrove_log",
                                "minecraft:stripped_mangrove_log"
                              ],
                              "type": "minecraft:matching_blocks"
                            },
                            "type": "minecraft:block_predicate_filter"
                          },
                          {
                            "xz_spread": {
                              "type": "minecraft:uniform",
                              "min_inclusive": -1,
                              "max_inclusive": 0
                            },
                            "y_spread": 0,
                            "type": "minecraft:random_offset"
                          },
                          {
                            "predicate": {
                              "predicates": [
                                {
                                  "blocks": [
                                    "minecraft:mangrove_log",
                                    "minecraft:stripped_mangrove_log"
                                  ],
                                  "offset": [
                                    0,
                                    0,
                                    1
                                  ],
                                  "type": "minecraft:matching_blocks"
                                },
                                {
                                  "predicates": [
                                    {
                                      "blocks": "#arboria:dirt",
                                      "offset": [
                                        0,
                                        -1,
                                        0
                                      ],
                                      "type": "minecraft:matching_blocks"
                                    },
                                    {
                                      "blocks": "minecraft:clay",
                                      "offset": [
                                        0,
                                        -1,
                                        0
                                      ],
                                      "type": "minecraft:matching_blocks"
                                    }
                                  ],
                                  "type": "minecraft:any_of"
                                },
                                {
                                  "blocks": [
                                    "minecraft:water",
                                    "minecraft:seagrass"
                                  ],
                                  "type": "minecraft:matching_blocks"
                                },
                                {
                                  "predicate": {
                                    "blocks": [
                                      "minecraft:mangrove_log",
                                      "minecraft:stripped_mangrove_log"
                                    ],
                                    "offset": [
                                      1,
                                      0,
                                      1
                                    ],
                                    "type": "minecraft:matching_blocks"
                                  },
                                  "type": "minecraft:not"
                                }
                              ],
                              "type": "minecraft:all_of"
                            },
                            "type": "minecraft:block_predicate_filter"
                          }
                        ]
                      }
                    ]
                  },
                  "type": "minecraft:simple_random_selector"
                },
                "placement": [
                  {
                    "predicate": {
                      "blocks": [
                        "minecraft:mangrove_log",
                        "minecraft:stripped_mangrove_log"
                      ],
                      "type": "minecraft:matching_blocks"
                    },
                    "type": "minecraft:block_predicate_filter"
                  },
                  {
                    "count": 40,
                    "type": "minecraft:count"
                  },
                  {
                    "xz_spread": {
                      "type": "minecraft:uniform",
                      "min_inclusive": -1,
                      "max_inclusive": 0
                    },
                    "y_spread": 0,
                    "type": "minecraft:random_offset"
                  },
                  {
                    "predicate": {
                      "predicates": [
                        {
                          "blocks": [
                            "minecraft:mangrove_log",
                            "minecraft:stripped_mangrove_log"
                          ],
                          "offset": [
                            0,
                            0,
                            1
                          ],
                          "type": "minecraft:matching_blocks"
                        },
                        {
                          "predicates": [
                            {
                              "blocks": "#arboria:dirt",
                              "offset": [
                                0,
                                -1,
                                0
                              ],
                              "type": "minecraft:matching_blocks"
                            },
                            {
                              "blocks": "minecraft:clay",
                              "offset": [
                                0,
                                -1,
                                0
                              ],
                              "type": "minecraft:matching_blocks"
                            }
                          ],
                          "type": "minecraft:any_of"
                        },
                        {
                          "blocks": [
                            "minecraft:water",
                            "minecraft:seagrass"
                          ],
                          "type": "minecraft:matching_blocks"
                        },
                        {
                          "predicate": {
                            "blocks": [
                              "minecraft:mangrove_log",
                              "minecraft:stripped_mangrove_log"
                            ],
                            "offset": [
                              1,
                              0,
                              1
                            ],
                            "type": "minecraft:matching_blocks"
                          },
                          "type": "minecraft:not"
                        }
                      ],
                      "type": "minecraft:all_of"
                    },
                    "type": "minecraft:block_predicate_filter"
                  },
                  {
                    "count": 12,
                    "type": "minecraft:count"
                  }
                ]
              }
            ]
          },
          "type": "minecraft:simple_random_selector"
        },
        "placement": [
          {
            "predicate": {
              "blocks": [
                "minecraft:mangrove_log",
                "minecraft:stripped_mangrove_log"
              ],
              "type": "minecraft:matching_blocks"
            },
            "type": "minecraft:block_predicate_filter"
          },
          {
            "count": 40,
            "type": "minecraft:count"
          },
          {
            "xz_spread": {
              "type": "minecraft:uniform",
              "min_inclusive": -1,
              "max_inclusive": 0
            },
            "y_spread": 0,
            "type": "minecraft:random_offset"
          },
          {
            "predicate": {
              "predicates": [
                {
                  "blocks": [
                    "minecraft:mangrove_log",
                    "minecraft:stripped_mangrove_log"
                  ],
                  "offset": [
                    0,
                    0,
                    1
                  ],
                  "type": "minecraft:matching_blocks"
                },
                {
                  "predicates": [
                    {
                      "blocks": "#arboria:dirt",
                      "offset": [
                        0,
                        -1,
                        0
                      ],
                      "type": "minecraft:matching_blocks"
                    },
                    {
                      "blocks": "minecraft:clay",
                      "offset": [
                        0,
                        -1,
                        0
                      ],
                      "type": "minecraft:matching_blocks"
                    }
                  ],
                  "type": "minecraft:any_of"
                },
                {
                  "blocks": [
                    "minecraft:water",
                    "minecraft:seagrass"
                  ],
                  "type": "minecraft:matching_blocks"
                },
                {
                  "predicate": {
                    "blocks": [
                      "minecraft:mangrove_log",
                      "minecraft:stripped_mangrove_log"
                    ],
                    "offset": [
                      1,
                      0,
                      1
                    ],
                    "type": "minecraft:matching_blocks"
                  },
                  "type": "minecraft:not"
                }
              ],
              "type": "minecraft:all_of"
            },
            "type": "minecraft:block_predicate_filter"
          },
          {
            "count": 28,
            "type": "minecraft:count"
          }
        ]
      }
    ]
  },
  "type": "minecraft:simple_random_selector"
}