{
  "config": {
    "features": [
      {
        "feature": {
          "config": {
            "features": [
              {
                "feature": {
                  "config": {
                    "features": [
                      {
                        "feature": {
                          "config": {
                            "decorators": [],
                            "dirt_provider": {
                              "state": {
                                "Name": "minecraft:dirt"
                              },
                              "type": "minecraft:simple_state_provider"
                            },
                            "foliage_placer": {
                              "offset": 0,
                              "radius": 0,
                              "type": "minecraft:acacia_foliage_placer"
                            },
                            "foliage_provider": {
                              "state": {
                                "Name": "minecraft:air"
                              },
                              "type": "minecraft:simple_state_provider"
                            },
                            "force_dirt": false,
                            "ignore_vines": true,
                            "minimum_size": {
                              "limit": 1,
                              "lower_size": 0,
                              "upper_size": 1,
                              "type": "minecraft:two_layers_feature_size"
                            },
                            "trunk_placer": {
                              "base_height": 6,
                              "height_rand_a": 2,
                              "height_rand_b": 1,
                              "type": "minecraft:forking_trunk_placer"
                            },
                            "trunk_provider": {
                              "state": {
                                "Name": "minecraft:acacia_log",
                                "Properties": {
                                  "axis": "y"
                                }
                              },
                              "type": "minecraft:simple_state_provider"
                            }
                          },
                          "type": "minecraft:tree"
                        },
                        "placement": [
                          {
                            "predicate": {
                              "type": "minecraft:replaceable"
                            },
                            "type": "minecraft:block_predicate_filter"
                          }
                        ]
                      },
                      {
                        "feature": {
                          "config": {
                            "feature": {
                              "feature": {
                                "config": {
                                  "decorators": [
                                    {
                                      "block_provider": {
                                        "state": {
                                          "Name": "minecraft:acacia_leaves",
                                          "Properties": {
                                            "distance": "2",
                                            "persistent": "false",
                                            "waterlogged": "false"
                                          }
                                        },
                                        "type": "minecraft:simple_state_provider"
                                      },
                                      "directions": [
                                        "down"
                                      ],
                                      "exclusion_radius_xz": 0,
                                      "exclusion_radius_y": 0,
                                      "probability": 0.2,
                                      "required_empty_blocks": 2,
                                      "type": "minecraft:attached_to_leaves"
                                    }
                                  ],
                                  "dirt_provider": {
                                    "state": {
                                      "Name": "minecraft:acacia_log",
                                      "Properties": {
                                        "axis": "y"
                                      }
                                    },
                                    "type": "minecraft:simple_state_provider"
                                  },
                                  "foliage_placer": {
                                    "offset": 0,
                                    "radius": 2,
                                    "type": "minecraft:acacia_foliage_placer"
                                  },
                                  "foliage_provider": {
                                    "state": {
                                      "Name": "minecraft:acacia_leaves",
                                      "Properties": {
                                        "distance": "1",
                                        "persistent": "false",
                                        "waterlogged": "false"
                                      }
                                    },
                                    "type": "minecraft:simple_state_provider"
                                  },
                                  "force_dirt": false,
                                  "ignore_vines": true,
                                  "minimum_size": {
                                    "limit": 1,
                                    "lower_size": 0,
                                    "upper_size": 1,
                                    "type": "minecraft:two_layers_feature_size"
                                  },
                                  "trunk_placer": {
                                    "base_height": 4,
                                    "height_rand_a": 0,
                                    "height_rand_b": 1,
                                    "type": "minecraft:forking_trunk_placer"
                                  },
                                  "trunk_provider": {
                                    "state": {
                                      "Name": "minecraft:acacia_log",
                                      "Properties": {
                                        "axis": "y"
                                      }
                                    },
                                    "type": "minecraft:simple_state_provider"
                                  }
                                },
                                "type": "minecraft:tree"
                              },
                              "placement": [
                                {
                                  "heightmap": "MOTION_BLOCKING_NO_LEAVES",
                                  "type": "minecraft:heightmap"
                                },
                                {
                                  "predicate": {
                                    "predicates": [
                                      {
                                        "predicate": {
                                          "predicates": [
                                            {
                                              "blocks": "minecraft:acacia_log",
                                              "offset": [
                                                1,
                                                0,
                                                0
                                              ],
                                              "type": "minecraft:matching_blocks"
                                            },
                                            {
                                              "blocks": "minecraft:acacia_log",
                                              "offset": [
                                                0,
                                                0,
                                                1
                                              ],
                                              "type": "minecraft:matching_blocks"
                                            },
                                            {
                                              "blocks": "minecraft:acacia_log",
                                              "offset": [
                                                -1,
                                                0,
                                                0
                                              ],
                                              "type": "minecraft:matching_blocks"
                                            },
                                            {
                                              "blocks": "minecraft:acacia_log",
                                              "offset": [
                                                0,
                                                0,
                                                -1
                                              ],
                                              "type": "minecraft:matching_blocks"
                                            }
                                          ],
                                          "type": "minecraft:any_of"
                                        },
                                        "type": "minecraft:not"
                                      },
                                      {
                                        "blocks": "minecraft:air",
                                        "type": "minecraft:matching_blocks"
                                      },
                                      {
                                        "blocks": "minecraft:acacia_log",
                                        "offset": [
                                          0,
                                          -1,
                                          0
                                        ],
                                        "type": "minecraft:matching_blocks"
                                      }
                                    ],
                                    "type": "minecraft:all_of"
                                  },
                                  "type": "minecraft:block_predicate_filter"
                                }
                              ]
                            },
                            "tries": 32,
                            "xz_spread": 3,
                            "y_spread": 0
                          },
                          "type": "minecraft:random_patch"
                        },
                        "placement": []
                      }
                    ]
                  },
                  "type": "minecraft:simple_random_selector"
                },
                "placement": [
                  {
                    "predicate": {
                      "type": "minecraft:replaceable"
                    },
                    "type": "minecraft:block_predicate_filter"
                  },
                  {
                    "count": 24,
                    "type": "minecraft:count"
                  }
                ]
              },
              {
                "feature": "arboria_saplings:acacia/roots/1",
                "placement": [
                  {
                    "predicate": {
                      "blocks": "minecraft:acacia_log",
                      "type": "minecraft:matching_blocks"
                    },
                    "type": "minecraft:block_predicate_filter"
                  }
                ]
              }
            ]
          },
          "type": "minecraft:simple_random_selector"
        },
        "placement": [
          {
            "predicate": {
              "state": {
                "Name": "minecraft:acacia_sapling",
                "Properties": {
                  "stage": "0"
                }
              },
              "type": "minecraft:would_survive"
            },
            "type": "minecraft:block_predicate_filter"
          },
          {
            "count": 32,
            "type": "minecraft:count"
          }
        ]
      }
    ]
  },
  "type": "minecraft:simple_random_selector"
}