{
  "config": {
    "features": [
      {
        "feature": {
          "config": {
            "features": [
              {
                "feature": {
                  "config": {
                    "decorators": [],
                    "dirt_provider": {
                      "state": {
                        "Name": "minecraft:dirt"
                      },
                      "type": "minecraft:simple_state_provider"
                    },
                    "foliage_placer": {
                      "height": 7,
                      "offset": 0,
                      "radius": 1,
                      "type": "minecraft:fancy_foliage_placer"
                    },
                    "foliage_provider": {
                      "state": {
                        "Name": "minecraft:oak_log",
                        "Properties": {
                          "axis": "y"
                        }
                      },
                      "type": "minecraft:simple_state_provider"
                    },
                    "force_dirt": false,
                    "ignore_vines": true,
                    "minimum_size": {
                      "limit": 1,
                      "lower_size": 1,
                      "upper_size": 2,
                      "type": "minecraft:two_layers_feature_size"
                    },
                    "trunk_placer": {
                      "base_height": 4,
                      "height_rand_a": 1,
                      "height_rand_b": 0,
                      "type": "minecraft:straight_trunk_placer"
                    },
                    "trunk_provider": {
                      "state": {
                        "Name": "minecraft:oak_log",
                        "Properties": {
                          "axis": "y"
                        }
                      },
                      "type": "minecraft:simple_state_provider"
                    }
                  },
                  "type": "minecraft:tree"
                },
                "placement": [
                  {
                    "predicate": {
                      "type": "minecraft:replaceable"
                    },
                    "type": "minecraft:block_predicate_filter"
                  },
                  {
                    "count": 28,
                    "type": "minecraft:count"
                  }
                ]
              },
              {
                "feature": {
                  "config": {
                    "default": {
                      "feature": {
                        "config": {
                          "features": [
                            {
                              "feature": "arboria_saplings:big_oak/branch/1_se",
                              "placement": []
                            },
                            {
                              "feature": "arboria_saplings:big_oak/branch/1_sw",
                              "placement": []
                            },
                            {
                              "feature": "arboria_saplings:big_oak/branch/1_nw",
                              "placement": []
                            },
                            {
                              "feature": "arboria_saplings:big_oak/branch/1_ne",
                              "placement": []
                            }
                          ]
                        },
                        "type": "minecraft:simple_random_selector"
                      },
                      "placement": []
                    },
                    "features": [
                      {
                        "chance": 0.1,
                        "feature": {
                          "feature": {
                            "config": {
                              "features": [
                                {
                                  "feature": "arboria_saplings:big_oak/branch/1_se",
                                  "placement": []
                                },
                                {
                                  "feature": "arboria_saplings:big_oak/branch/1_sw",
                                  "placement": []
                                },
                                {
                                  "feature": "arboria_saplings:big_oak/branch/1_nw",
                                  "placement": []
                                },
                                {
                                  "feature": "arboria_saplings:big_oak/branch/1_ne",
                                  "placement": []
                                }
                              ]
                            },
                            "type": "minecraft:simple_random_selector"
                          },
                          "placement": []
                        }
                      }
                    ]
                  },
                  "type": "minecraft:random_selector"
                },
                "placement": [
                  {
                    "predicate": {
                      "blocks": "minecraft:oak_log",
                      "type": "minecraft:matching_blocks"
                    },
                    "type": "minecraft:block_predicate_filter"
                  },
                  {
                    "direction_of_search": "up",
                    "max_steps": 8,
                    "target_condition": {
                      "predicate": {
                        "blocks": "minecraft:oak_log",
                        "type": "minecraft:matching_blocks"
                      },
                      "type": "minecraft:not"
                    },
                    "type": "minecraft:environment_scan"
                  },
                  {
                    "predicate": {
                      "predicate": {
                        "predicates": [
                          {
                            "blocks": "minecraft:oak_log",
                            "offset": [
                              1,
                              0,
                              0
                            ],
                            "type": "minecraft:matching_blocks"
                          },
                          {
                            "blocks": "minecraft:oak_log",
                            "offset": [
                              -1,
                              0,
                              0
                            ],
                            "type": "minecraft:matching_blocks"
                          }
                        ],
                        "type": "minecraft:any_of"
                      },
                      "type": "minecraft:not"
                    },
                    "type": "minecraft:block_predicate_filter"
                  }
                ]
              },
              {
                "feature": "arboria_saplings:big_oak/roots/3",
                "placement": [
                  {
                    "predicate": {
                      "blocks": "minecraft:oak_log",
                      "type": "minecraft:matching_blocks"
                    },
                    "type": "minecraft:block_predicate_filter"
                  }
                ]
              }
            ]
          },
          "type": "minecraft:simple_random_selector"
        },
        "placement": [
          {
            "predicate": {
              "state": {
                "Name": "minecraft:oak_sapling",
                "Properties": {
                  "stage": "0"
                }
              },
              "type": "minecraft:would_survive"
            },
            "type": "minecraft:block_predicate_filter"
          },
          {
            "count": 48,
            "type": "minecraft:count"
          }
        ]
      }
    ]
  },
  "type": "minecraft:simple_random_selector"
}