{
  "config": {
    "features": [
      {
        "feature": "arboria_saplings:palm/branch/3_oak_top",
        "placement": [
          {
            "count": 16,
            "type": "minecraft:count"
          },
          {
            "xz_spread": {
              "type": "minecraft:uniform",
              "min_inclusive": 0,
              "max_inclusive": 1
            },
            "y_spread": 0,
            "type": "minecraft:random_offset"
          },
          {
            "predicate": {
              "predicates": [
                {
                  "blocks": "#arboria:tree_branch_replaceable",
                  "type": "minecraft:matching_blocks"
                },
                {
                  "blocks": "minecraft:stripped_oak_log",
                  "offset": [
                    -1,
                    -1,
                    0
                  ],
                  "type": "minecraft:matching_blocks"
                },
                {
                  "blocks": "minecraft:stripped_oak_log",
                  "offset": [
                    -1,
                    -2,
                    0
                  ],
                  "type": "minecraft:matching_blocks"
                },
                {
                  "blocks": "minecraft:stripped_oak_log",
                  "offset": [
                    -1,
                    -3,
                    0
                  ],
                  "type": "minecraft:matching_blocks"
                },
                {
                  "blocks": "#arboria:tree_branch_replaceable",
                  "offset": [
                    -1,
                    0,
                    0
                  ],
                  "type": "minecraft:matching_blocks"
                },
                {
                  "blocks": "#arboria:tree_branch_replaceable",
                  "offset": [
                    0,
                    -1,
                    0
                  ],
                  "type": "minecraft:matching_blocks"
                }
              ],
              "type": "minecraft:all_of"
            },
            "type": "minecraft:block_predicate_filter"
          },
          {
            "count": 28,
            "type": "minecraft:count"
          }
        ]
      }
    ]
  },
  "type": "minecraft:simple_random_selector"
}