{
  "config": {
    "default": {
      "feature": {
        "config": {
          "decorators": [
            {
              "probability": 0.05,
              "type": "minecraft:beehive"
            }
          ],
          "dirt_provider": {
            "state": {
              "Name": "minecraft:dirt"
            },
            "type": "minecraft:simple_state_provider"
          },
          "foliage_placer": {
            "height": 3,
            "offset": 0,
            "radius": 2,
            "type": "minecraft:blob_foliage_placer"
          },
          "foliage_provider": {
            "state": {
              "Name": "minecraft:oak_leaves",
              "Properties": {
                "distance": "7",
                "persistent": "false",
                "waterlogged": "false"
              }
            },
            "type": "minecraft:simple_state_provider"
          },
          "force_dirt": false,
          "ignore_vines": true,
          "minimum_size": {
            "limit": 1,
            "lower_size": 0,
            "upper_size": 1,
            "type": "minecraft:two_layers_feature_size"
          },
          "trunk_placer": {
            "base_height": 4,
            "height_rand_a": 2,
            "height_rand_b": 0,
            "type": "minecraft:straight_trunk_placer"
          },
          "trunk_provider": {
            "state": {
              "Name": "minecraft:oak_log",
              "Properties": {
                "axis": "y"
              }
            },
            "type": "minecraft:simple_state_provider"
          }
        },
        "type": "minecraft:tree"
      },
      "placement": []
    },
    "features": [
      {
        "chance": 0.33333334,
        "feature": {
          "feature": {
            "config": {
              "decorators": [
                {
                  "probability": 0.05,
                  "type": "minecraft:beehive"
                }
              ],
              "dirt_provider": {
                "state": {
                  "Name": "minecraft:dirt"
                },
                "type": "minecraft:simple_state_provider"
              },
              "foliage_placer": {
                "height": 4,
                "offset": 4,
                "radius": 2,
                "type": "minecraft:fancy_foliage_placer"
              },
              "foliage_provider": {
                "state": {
                  "Name": "minecraft:oak_leaves",
                  "Properties": {
                    "distance": "7",
                    "persistent": "false",
                    "waterlogged": "false"
                  }
                },
                "type": "minecraft:simple_state_provider"
              },
              "force_dirt": false,
              "ignore_vines": true,
              "minimum_size": {
                "limit": 0,
                "lower_size": 0,
                "min_clipped_height": 4,
                "upper_size": 0,
                "type": "minecraft:two_layers_feature_size"
              },
              "trunk_placer": {
                "base_height": 3,
                "height_rand_a": 11,
                "height_rand_b": 0,
                "type": "minecraft:fancy_trunk_placer"
              },
              "trunk_provider": {
                "state": {
                  "Name": "minecraft:oak_log",
                  "Properties": {
                    "axis": "y"
                  }
                },
                "type": "minecraft:simple_state_provider"
              }
            },
            "type": "minecraft:tree"
          },
          "placement": []
        }
      }
    ]
  },
  "type": "minecraft:random_selector"
}