{
  "config": {
    "features": [
      {
        "feature": "arboria_saplings:oak_pine/branch/1_east",
        "placement": [
          {
            "xz_spread": 0,
            "y_spread": {
              "type": "minecraft:uniform",
              "min_inclusive": 0,
              "max_inclusive": 1
            },
            "type": "minecraft:random_offset"
          }
        ]
      },
      {
        "feature": "arboria_saplings:oak_pine/branch/1_south",
        "placement": [
          {
            "xz_spread": 0,
            "y_spread": {
              "type": "minecraft:uniform",
              "min_inclusive": 0,
              "max_inclusive": 1
            },
            "type": "minecraft:random_offset"
          }
        ]
      },
      {
        "feature": "arboria_saplings:oak_pine/branch/1_west",
        "placement": [
          {
            "xz_spread": 0,
            "y_spread": {
              "type": "minecraft:uniform",
              "min_inclusive": 0,
              "max_inclusive": 1
            },
            "type": "minecraft:random_offset"
          }
        ]
      },
      {
        "feature": "arboria_saplings:oak_pine/branch/1_north",
        "placement": [
          {
            "xz_spread": 0,
            "y_spread": {
              "type": "minecraft:uniform",
              "min_inclusive": 0,
              "max_inclusive": 1
            },
            "type": "minecraft:random_offset"
          }
        ]
      }
    ]
  },
  "type": "minecraft:simple_random_selector"
}