{
  "config": {
    "features": [
      {
        "feature": {
          "config": {
            "decorators": [
              {
                "block_provider": {
                  "state": {
                    "Name": "minecraft:birch_leaves",
                    "Properties": {
                      "distance": "2",
                      "persistent": "false",
                      "waterlogged": "false"
                    }
                  },
                  "type": "minecraft:simple_state_provider"
                },
                "directions": [
                  "down"
                ],
                "exclusion_radius_xz": 0,
                "exclusion_radius_y": 0,
                "probability": 0.75,
                "required_empty_blocks": 1,
                "type": "minecraft:attached_to_leaves"
              },
              {
                "block_provider": {
                  "state": {
                    "Name": "minecraft:birch_leaves",
                    "Properties": {
                      "distance": "2",
                      "persistent": "false",
                      "waterlogged": "false"
                    }
                  },
                  "type": "minecraft:simple_state_provider"
                },
                "directions": [
                  "east"
                ],
                "exclusion_radius_xz": 0,
                "exclusion_radius_y": 0,
                "probability": 0.75,
                "required_empty_blocks": 1,
                "type": "minecraft:attached_to_leaves"
              },
              {
                "block_provider": {
                  "state": {
                    "Name": "minecraft:birch_leaves",
                    "Properties": {
                      "distance": "2",
                      "persistent": "false",
                      "waterlogged": "false"
                    }
                  },
                  "type": "minecraft:simple_state_provider"
                },
                "directions": [
                  "south"
                ],
                "exclusion_radius_xz": 0,
                "exclusion_radius_y": 0,
                "probability": 0.75,
                "required_empty_blocks": 1,
                "type": "minecraft:attached_to_leaves"
              },
              {
                "block_provider": {
                  "state": {
                    "Name": "minecraft:birch_leaves",
                    "Properties": {
                      "distance": "2",
                      "persistent": "false",
                      "waterlogged": "false"
                    }
                  },
                  "type": "minecraft:simple_state_provider"
                },
                "directions": [
                  "west"
                ],
                "exclusion_radius_xz": 0,
                "exclusion_radius_y": 0,
                "probability": 0.75,
                "required_empty_blocks": 1,
                "type": "minecraft:attached_to_leaves"
              },
              {
                "block_provider": {
                  "state": {
                    "Name": "minecraft:birch_leaves",
                    "Properties": {
                      "distance": "2",
                      "persistent": "false",
                      "waterlogged": "false"
                    }
                  },
                  "type": "minecraft:simple_state_provider"
                },
                "directions": [
                  "north"
                ],
                "exclusion_radius_xz": 0,
                "exclusion_radius_y": 0,
                "probability": 0.75,
                "required_empty_blocks": 1,
                "type": "minecraft:attached_to_leaves"
              },
              {
                "block_provider": {
                  "state": {
                    "Name": "minecraft:birch_leaves",
                    "Properties": {
                      "distance": "2",
                      "persistent": "false",
                      "waterlogged": "false"
                    }
                  },
                  "type": "minecraft:simple_state_provider"
                },
                "directions": [
                  "up"
                ],
                "exclusion_radius_xz": 0,
                "exclusion_radius_y": 0,
                "probability": 0.75,
                "required_empty_blocks": 1,
                "type": "minecraft:attached_to_leaves"
              },
              {
                "probability": 0.005,
                "type": "minecraft:beehive"
              }
            ],
            "dirt_provider": {
              "state": {
                "Name": "minecraft:dirt"
              },
              "type": "minecraft:simple_state_provider"
            },
            "foliage_placer": {
              "height": 1,
              "offset": 0,
              "radius": 2,
              "type": "minecraft:blob_foliage_placer"
            },
            "foliage_provider": {
              "state": {
                "Name": "minecraft:birch_leaves",
                "Properties": {
                  "distance": "1",
                  "persistent": "false",
                  "waterlogged": "false"
                }
              },
              "type": "minecraft:simple_state_provider"
            },
            "force_dirt": false,
            "ignore_vines": true,
            "minimum_size": {
              "limit": 1,
              "lower_size": 0,
              "upper_size": 0,
              "type": "minecraft:two_layers_feature_size"
            },
            "trunk_placer": {
              "base_height": 3,
              "height_rand_a": 1,
              "height_rand_b": 1,
              "type": "minecraft:straight_trunk_placer"
            },
            "trunk_provider": {
              "state": {
                "Name": "minecraft:birch_log",
                "Properties": {
                  "axis": "y"
                }
              },
              "type": "minecraft:simple_state_provider"
            }
          },
          "type": "minecraft:tree"
        },
        "placement": [
          {
            "predicate": {
              "predicates": [
                {
                  "state": {
                    "Name": "minecraft:birch_sapling",
                    "Properties": {
                      "stage": "0"
                    }
                  },
                  "type": "minecraft:would_survive"
                },
                {
                  "type": "minecraft:replaceable"
                }
              ],
              "type": "minecraft:all_of"
            },
            "type": "minecraft:block_predicate_filter"
          }
        ]
      }
    ]
  },
  "type": "minecraft:simple_random_selector"
}