{
  "config": {
    "features": [
      {
        "feature": {
          "config": {
            "features": [
              {
                "feature": {
                  "config": {
                    "features": [
                      {
                        "feature": {
                          "config": {
                            "decorators": [
                              {
                                "block_provider": {
                                  "state": {
                                    "Name": "minecraft:oak_leaves",
                                    "Properties": {
                                      "distance": "2",
                                      "persistent": "false",
                                      "waterlogged": "false"
                                    }
                                  },
                                  "type": "minecraft:simple_state_provider"
                                },
                                "directions": [
                                  "down"
                                ],
                                "exclusion_radius_xz": 0,
                                "exclusion_radius_y": 0,
                                "probability": 0.4,
                                "required_empty_blocks": 1,
                                "type": "minecraft:attached_to_leaves"
                              },
                              {
                                "block_provider": {
                                  "state": {
                                    "Name": "minecraft:oak_leaves",
                                    "Properties": {
                                      "distance": "2",
                                      "persistent": "false",
                                      "waterlogged": "false"
                                    }
                                  },
                                  "type": "minecraft:simple_state_provider"
                                },
                                "directions": [
                                  "east"
                                ],
                                "exclusion_radius_xz": 0,
                                "exclusion_radius_y": 0,
                                "probability": 0.6,
                                "required_empty_blocks": 1,
                                "type": "minecraft:attached_to_leaves"
                              },
                              {
                                "block_provider": {
                                  "state": {
                                    "Name": "minecraft:oak_leaves",
                                    "Properties": {
                                      "distance": "2",
                                      "persistent": "false",
                                      "waterlogged": "false"
                                    }
                                  },
                                  "type": "minecraft:simple_state_provider"
                                },
                                "directions": [
                                  "south"
                                ],
                                "exclusion_radius_xz": 0,
                                "exclusion_radius_y": 0,
                                "probability": 0.6,
                                "required_empty_blocks": 1,
                                "type": "minecraft:attached_to_leaves"
                              },
                              {
                                "block_provider": {
                                  "state": {
                                    "Name": "minecraft:oak_leaves",
                                    "Properties": {
                                      "distance": "2",
                                      "persistent": "false",
                                      "waterlogged": "false"
                                    }
                                  },
                                  "type": "minecraft:simple_state_provider"
                                },
                                "directions": [
                                  "west"
                                ],
                                "exclusion_radius_xz": 0,
                                "exclusion_radius_y": 0,
                                "probability": 0.6,
                                "required_empty_blocks": 1,
                                "type": "minecraft:attached_to_leaves"
                              },
                              {
                                "block_provider": {
                                  "state": {
                                    "Name": "minecraft:oak_leaves",
                                    "Properties": {
                                      "distance": "2",
                                      "persistent": "false",
                                      "waterlogged": "false"
                                    }
                                  },
                                  "type": "minecraft:simple_state_provider"
                                },
                                "directions": [
                                  "north"
                                ],
                                "exclusion_radius_xz": 0,
                                "exclusion_radius_y": 0,
                                "probability": 0.6,
                                "required_empty_blocks": 1,
                                "type": "minecraft:attached_to_leaves"
                              },
                              {
                                "block_provider": {
                                  "state": {
                                    "Name": "minecraft:oak_leaves",
                                    "Properties": {
                                      "distance": "2",
                                      "persistent": "false",
                                      "waterlogged": "false"
                                    }
                                  },
                                  "type": "minecraft:simple_state_provider"
                                },
                                "directions": [
                                  "up"
                                ],
                                "exclusion_radius_xz": 0,
                                "exclusion_radius_y": 0,
                                "probability": 0.8,
                                "required_empty_blocks": 1,
                                "type": "minecraft:attached_to_leaves"
                              },
                              {
                                "probability": 0.1,
                                "type": "minecraft:beehive"
                              }
                            ],
                            "dirt_provider": {
                              "state": {
                                "Name": "minecraft:dirt"
                              },
                              "type": "minecraft:simple_state_provider"
                            },
                            "foliage_placer": {
                              "height": 5,
                              "offset": 1,
                              "radius": 2,
                              "type": "minecraft:fancy_foliage_placer"
                            },
                            "foliage_provider": {
                              "state": {
                                "Name": "minecraft:oak_leaves",
                                "Properties": {
                                  "distance": "1",
                                  "persistent": "false",
                                  "waterlogged": "false"
                                }
                              },
                              "type": "minecraft:simple_state_provider"
                            },
                            "force_dirt": false,
                            "ignore_vines": true,
                            "minimum_size": {
                              "limit": 1,
                              "lower_size": 0,
                              "upper_size": 0,
                              "type": "minecraft:two_layers_feature_size"
                            },
                            "trunk_placer": {
                              "base_height": 8,
                              "height_rand_a": 1,
                              "height_rand_b": 1,
                              "type": "minecraft:straight_trunk_placer"
                            },
                            "trunk_provider": {
                              "state": {
                                "Name": "minecraft:oak_log",
                                "Properties": {
                                  "axis": "y"
                                }
                              },
                              "type": "minecraft:simple_state_provider"
                            }
                          },
                          "type": "minecraft:tree"
                        },
                        "placement": [
                          {
                            "predicate": {
                              "type": "minecraft:replaceable"
                            },
                            "type": "minecraft:block_predicate_filter"
                          }
                        ]
                      },
                      {
                        "feature": {
                          "config": {
                            "decorators": [
                              {
                                "block_provider": {
                                  "state": {
                                    "Name": "minecraft:oak_leaves",
                                    "Properties": {
                                      "distance": "2",
                                      "persistent": "false",
                                      "waterlogged": "false"
                                    }
                                  },
                                  "type": "minecraft:simple_state_provider"
                                },
                                "directions": [
                                  "down"
                                ],
                                "exclusion_radius_xz": 0,
                                "exclusion_radius_y": 0,
                                "probability": 0.4,
                                "required_empty_blocks": 1,
                                "type": "minecraft:attached_to_leaves"
                              },
                              {
                                "block_provider": {
                                  "state": {
                                    "Name": "minecraft:oak_leaves",
                                    "Properties": {
                                      "distance": "2",
                                      "persistent": "false",
                                      "waterlogged": "false"
                                    }
                                  },
                                  "type": "minecraft:simple_state_provider"
                                },
                                "directions": [
                                  "east"
                                ],
                                "exclusion_radius_xz": 0,
                                "exclusion_radius_y": 0,
                                "probability": 0.6,
                                "required_empty_blocks": 1,
                                "type": "minecraft:attached_to_leaves"
                              },
                              {
                                "block_provider": {
                                  "state": {
                                    "Name": "minecraft:oak_leaves",
                                    "Properties": {
                                      "distance": "2",
                                      "persistent": "false",
                                      "waterlogged": "false"
                                    }
                                  },
                                  "type": "minecraft:simple_state_provider"
                                },
                                "directions": [
                                  "south"
                                ],
                                "exclusion_radius_xz": 0,
                                "exclusion_radius_y": 0,
                                "probability": 0.6,
                                "required_empty_blocks": 1,
                                "type": "minecraft:attached_to_leaves"
                              },
                              {
                                "block_provider": {
                                  "state": {
                                    "Name": "minecraft:oak_leaves",
                                    "Properties": {
                                      "distance": "2",
                                      "persistent": "false",
                                      "waterlogged": "false"
                                    }
                                  },
                                  "type": "minecraft:simple_state_provider"
                                },
                                "directions": [
                                  "west"
                                ],
                                "exclusion_radius_xz": 0,
                                "exclusion_radius_y": 0,
                                "probability": 0.6,
                                "required_empty_blocks": 1,
                                "type": "minecraft:attached_to_leaves"
                              },
                              {
                                "block_provider": {
                                  "state": {
                                    "Name": "minecraft:oak_leaves",
                                    "Properties": {
                                      "distance": "2",
                                      "persistent": "false",
                                      "waterlogged": "false"
                                    }
                                  },
                                  "type": "minecraft:simple_state_provider"
                                },
                                "directions": [
                                  "north"
                                ],
                                "exclusion_radius_xz": 0,
                                "exclusion_radius_y": 0,
                                "probability": 0.6,
                                "required_empty_blocks": 1,
                                "type": "minecraft:attached_to_leaves"
                              },
                              {
                                "block_provider": {
                                  "state": {
                                    "Name": "minecraft:oak_leaves",
                                    "Properties": {
                                      "distance": "2",
                                      "persistent": "false",
                                      "waterlogged": "false"
                                    }
                                  },
                                  "type": "minecraft:simple_state_provider"
                                },
                                "directions": [
                                  "up"
                                ],
                                "exclusion_radius_xz": 0,
                                "exclusion_radius_y": 0,
                                "probability": 0.8,
                                "required_empty_blocks": 1,
                                "type": "minecraft:attached_to_leaves"
                              }
                            ],
                            "dirt_provider": {
                              "state": {
                                "Name": "minecraft:dirt"
                              },
                              "type": "minecraft:simple_state_provider"
                            },
                            "foliage_placer": {
                              "height": 5,
                              "offset": 1,
                              "radius": 1,
                              "type": "minecraft:fancy_foliage_placer"
                            },
                            "foliage_provider": {
                              "state": {
                                "Name": "minecraft:oak_leaves",
                                "Properties": {
                                  "distance": "1",
                                  "persistent": "false",
                                  "waterlogged": "false"
                                }
                              },
                              "type": "minecraft:simple_state_provider"
                            },
                            "force_dirt": false,
                            "ignore_vines": true,
                            "minimum_size": {
                              "limit": 1,
                              "lower_size": 0,
                              "upper_size": 0,
                              "type": "minecraft:two_layers_feature_size"
                            },
                            "trunk_placer": {
                              "base_height": 11,
                              "height_rand_a": 1,
                              "height_rand_b": 1,
                              "type": "minecraft:straight_trunk_placer"
                            },
                            "trunk_provider": {
                              "state": {
                                "Name": "minecraft:oak_log",
                                "Properties": {
                                  "axis": "y"
                                }
                              },
                              "type": "minecraft:simple_state_provider"
                            }
                          },
                          "type": "minecraft:tree"
                        },
                        "placement": [
                          {
                            "predicate": {
                              "predicates": [
                                {
                                  "blocks": "minecraft:oak_log",
                                  "type": "minecraft:matching_blocks"
                                },
                                {
                                  "predicate": {
                                    "blocks": "minecraft:oak_log",
                                    "offset": [
                                      0,
                                      10,
                                      0
                                    ],
                                    "type": "minecraft:matching_blocks"
                                  },
                                  "type": "minecraft:not"
                                }
                              ],
                              "type": "minecraft:all_of"
                            },
                            "type": "minecraft:block_predicate_filter"
                          }
                        ]
                      }
                    ]
                  },
                  "type": "minecraft:simple_random_selector"
                },
                "placement": [
                  {
                    "predicate": {
                      "type": "minecraft:replaceable"
                    },
                    "type": "minecraft:block_predicate_filter"
                  },
                  {
                    "count": 28,
                    "type": "minecraft:count"
                  }
                ]
              },
              {
                "feature": {
                  "config": {
                    "default": {
                      "feature": "arboria_saplings:forest_oak/branch_set/1",
                      "placement": [
                        {
                          "xz_spread": 0,
                          "y_spread": {
                            "type": "minecraft:uniform",
                            "min_inclusive": 2,
                            "max_inclusive": 4
                          },
                          "type": "minecraft:random_offset"
                        }
                      ]
                    },
                    "features": [
                      {
                        "chance": 0.7,
                        "feature": {
                          "feature": "arboria_saplings:forest_oak/branch_set/1",
                          "placement": []
                        }
                      }
                    ]
                  },
                  "type": "minecraft:random_selector"
                },
                "placement": [
                  {
                    "predicate": {
                      "blocks": "minecraft:oak_log",
                      "type": "minecraft:matching_blocks"
                    },
                    "type": "minecraft:block_predicate_filter"
                  },
                  {
                    "direction_of_search": "up",
                    "max_steps": 12,
                    "target_condition": {
                      "predicates": [
                        {
                          "blocks": "minecraft:oak_leaves",
                          "offset": [
                            1,
                            0,
                            0
                          ],
                          "type": "minecraft:matching_blocks"
                        },
                        {
                          "blocks": "minecraft:oak_leaves",
                          "offset": [
                            0,
                            0,
                            1
                          ],
                          "type": "minecraft:matching_blocks"
                        },
                        {
                          "blocks": "minecraft:oak_leaves",
                          "offset": [
                            -1,
                            0,
                            0
                          ],
                          "type": "minecraft:matching_blocks"
                        },
                        {
                          "blocks": "minecraft:oak_leaves",
                          "offset": [
                            0,
                            0,
                            -1
                          ],
                          "type": "minecraft:matching_blocks"
                        },
                        {
                          "blocks": "minecraft:oak_log",
                          "type": "minecraft:matching_blocks"
                        }
                      ],
                      "type": "minecraft:all_of"
                    },
                    "type": "minecraft:environment_scan"
                  },
                  {
                    "predicate": {
                      "predicate": {
                        "predicates": [
                          {
                            "blocks": "minecraft:oak_log",
                            "offset": [
                              1,
                              -1,
                              0
                            ],
                            "type": "minecraft:matching_blocks"
                          },
                          {
                            "blocks": "minecraft:oak_log",
                            "offset": [
                              0,
                              -1,
                              1
                            ],
                            "type": "minecraft:matching_blocks"
                          },
                          {
                            "blocks": "minecraft:oak_log",
                            "offset": [
                              -1,
                              -1,
                              0
                            ],
                            "type": "minecraft:matching_blocks"
                          },
                          {
                            "blocks": "minecraft:oak_log",
                            "offset": [
                              0,
                              -1,
                              -1
                            ],
                            "type": "minecraft:matching_blocks"
                          }
                        ],
                        "type": "minecraft:any_of"
                      },
                      "type": "minecraft:not"
                    },
                    "type": "minecraft:block_predicate_filter"
                  },
                  {
                    "count": 16,
                    "type": "minecraft:count"
                  }
                ]
              },
              {
                "feature": "arboria_saplings:forest_oak/roots/1",
                "placement": [
                  {
                    "predicate": {
                      "blocks": "minecraft:oak_log",
                      "type": "minecraft:matching_blocks"
                    },
                    "type": "minecraft:block_predicate_filter"
                  }
                ]
              }
            ]
          },
          "type": "minecraft:simple_random_selector"
        },
        "placement": [
          {
            "predicate": {
              "state": {
                "Name": "minecraft:oak_sapling",
                "Properties": {
                  "stage": "0"
                }
              },
              "type": "minecraft:would_survive"
            },
            "type": "minecraft:block_predicate_filter"
          },
          {
            "count": 48,
            "type": "minecraft:count"
          }
        ]
      }
    ]
  },
  "type": "minecraft:simple_random_selector"
}