{
  "config": {
    "features": [
      {
        "feature": {
          "config": {
            "features": [
              {
                "feature": {
                  "config": {
                    "decorators": [],
                    "dirt_provider": {
                      "state": {
                        "Name": "minecraft:dirt"
                      },
                      "type": "minecraft:simple_state_provider"
                    },
                    "foliage_placer": {
                      "offset": 0,
                      "radius": 0,
                      "type": "minecraft:acacia_foliage_placer"
                    },
                    "foliage_provider": {
                      "state": {
                        "Name": "minecraft:air"
                      },
                      "type": "minecraft:simple_state_provider"
                    },
                    "force_dirt": false,
                    "ignore_vines": true,
                    "minimum_size": {
                      "limit": 1,
                      "lower_size": 0,
                      "upper_size": 0,
                      "type": "minecraft:two_layers_feature_size"
                    },
                    "trunk_placer": {
                      "base_height": 10,
                      "height_rand_a": 3,
                      "height_rand_b": 1,
                      "type": "minecraft:fancy_trunk_placer"
                    },
                    "trunk_provider": {
                      "entries": [
                        {
                          "data": {
                            "Name": "minecraft:birch_log",
                            "Properties": {
                              "axis": "y"
                            }
                          },
                          "weight": 5
                        },
                        {
                          "data": {
                            "Name": "minecraft:stripped_birch_log",
                            "Properties": {
                              "axis": "y"
                            }
                          },
                          "weight": 3
                        }
                      ],
                      "type": "minecraft:weighted_state_provider"
                    }
                  },
                  "type": "minecraft:tree"
                },
                "placement": [
                  {
                    "predicate": {
                      "type": "minecraft:replaceable"
                    },
                    "type": "minecraft:block_predicate_filter"
                  }
                ]
              },
              {
                "feature": {
                  "config": {
                    "block": "minecraft:glow_lichen",
                    "can_be_placed_on": [
                      "minecraft:birch_log",
                      "minecraft:stripped_birch_log",
                      "minecraft:birch_wood",
                      "minecraft:stripped_birch_wood"
                    ],
                    "can_place_on_ceiling": true,
                    "can_place_on_floor": true,
                    "can_place_on_wall": true,
                    "chance_of_spreading": 0.25,
                    "search_range": 2
                  },
                  "type": "minecraft:multiface_growth"
                },
                "placement": [
                  {
                    "predicate": {
                      "blocks": [
                        "minecraft:birch_log",
                        "minecraft:stripped_birch_log"
                      ],
                      "type": "minecraft:matching_blocks"
                    },
                    "type": "minecraft:block_predicate_filter"
                  },
                  {
                    "xz_spread": {
                      "type": "minecraft:uniform",
                      "min_inclusive": -2,
                      "max_inclusive": 2
                    },
                    "y_spread": {
                      "type": "minecraft:uniform",
                      "min_inclusive": -1,
                      "max_inclusive": 15
                    },
                    "type": "minecraft:random_offset"
                  }
                ]
              },
              {
                "feature": "arboria_saplings:dead_birch/roots/1",
                "placement": [
                  {
                    "predicate": {
                      "blocks": [
                        "minecraft:birch_log",
                        "minecraft:stripped_birch_log"
                      ],
                      "type": "minecraft:matching_blocks"
                    },
                    "type": "minecraft:block_predicate_filter"
                  }
                ]
              }
            ]
          },
          "type": "minecraft:simple_random_selector"
        },
        "placement": [
          {
            "predicate": {
              "state": {
                "Name": "minecraft:birch_sapling",
                "Properties": {
                  "stage": "0"
                }
              },
              "type": "minecraft:would_survive"
            },
            "type": "minecraft:block_predicate_filter"
          },
          {
            "count": 48,
            "type": "minecraft:count"
          }
        ]
      }
    ]
  },
  "type": "minecraft:simple_random_selector"
}