{
  "config": {
    "features": [
      {
        "feature": {
          "config": {
            "features": [
              {
                "feature": {
                  "config": {
                    "allowed_placement": {
                      "blocks": "#arboria:tree_branch_replaceable",
                      "type": "minecraft:matching_blocks"
                    },
                    "direction": "north",
                    "layers": [
                      {
                        "height": 1,
                        "provider": {
                          "state": {
                            "Name": "minecraft:spruce_log",
                            "Properties": {
                              "axis": "z"
                            }
                          },
                          "type": "minecraft:simple_state_provider"
                        }
                      },
                      {
                        "height": 1,
                        "provider": {
                          "state": {
                            "Name": "minecraft:spruce_leaves",
                            "Properties": {
                              "distance": "1",
                              "persistent": "false",
                              "waterlogged": "false"
                            }
                          },
                          "type": "minecraft:simple_state_provider"
                        }
                      },
                      {
                        "height": 1,
                        "provider": {
                          "state": {
                            "Name": "minecraft:spruce_log",
                            "Properties": {
                              "axis": "z"
                            }
                          },
                          "type": "minecraft:simple_state_provider"
                        }
                      }
                    ],
                    "prioritize_tip": false
                  },
                  "type": "minecraft:block_column"
                },
                "placement": [
                  {
                    "predicate": {
                      "blocks": "#arboria:tree_branch_replaceable",
                      "type": "minecraft:matching_blocks"
                    },
                    "type": "minecraft:block_predicate_filter"
                  }
                ]
              },
              {
                "feature": {
                  "config": {
                    "features": [
                      {
                        "feature": "arboria_saplings:sequoia/branch/leaves_2_z",
                        "placement": [
                          {
                            "predicate": {
                              "blocks": "#arboria:tree_branch_replaceable",
                              "type": "minecraft:matching_blocks"
                            },
                            "type": "minecraft:block_predicate_filter"
                          },
                          {
                            "count": 5,
                            "type": "minecraft:count"
                          }
                        ]
                      },
                      {
                        "feature": {
                          "config": {
                            "features": [
                              {
                                "feature": {
                                  "config": {
                                    "allowed_placement": {
                                      "blocks": "#arboria:tree_branch_replaceable",
                                      "type": "minecraft:matching_blocks"
                                    },
                                    "direction": "north",
                                    "layers": [
                                      {
                                        "height": 2,
                                        "provider": {
                                          "state": {
                                            "Name": "minecraft:spruce_log",
                                            "Properties": {
                                              "axis": "z"
                                            }
                                          },
                                          "type": "minecraft:simple_state_provider"
                                        }
                                      }
                                    ],
                                    "prioritize_tip": false
                                  },
                                  "type": "minecraft:block_column"
                                },
                                "placement": [
                                  {
                                    "predicate": {
                                      "blocks": "#arboria:tree_branch_replaceable",
                                      "type": "minecraft:matching_blocks"
                                    },
                                    "type": "minecraft:block_predicate_filter"
                                  }
                                ]
                              },
                              {
                                "feature": "arboria_saplings:sequoia/branch/leaves_1_z",
                                "placement": [
                                  {
                                    "predicate": {
                                      "blocks": "minecraft:spruce_log",
                                      "type": "minecraft:matching_blocks"
                                    },
                                    "type": "minecraft:block_predicate_filter"
                                  },
                                  {
                                    "count": 8,
                                    "type": "minecraft:count"
                                  },
                                  {
                                    "xz_spread": {
                                      "distribution": [
                                        {
                                          "data": -2,
                                          "weight": 1
                                        },
                                        {
                                          "data": 0,
                                          "weight": 1
                                        }
                                      ],
                                      "type": "minecraft:weighted_list"
                                    },
                                    "y_spread": 0,
                                    "type": "minecraft:random_offset"
                                  },
                                  {
                                    "predicate": {
                                      "predicates": [
                                        {
                                          "blocks": "#arboria:tree_branch_replaceable",
                                          "type": "minecraft:matching_blocks"
                                        },
                                        {
                                          "blocks": "minecraft:spruce_log",
                                          "offset": [
                                            0,
                                            0,
                                            1
                                          ],
                                          "type": "minecraft:matching_blocks"
                                        },
                                        {
                                          "blocks": "minecraft:spruce_log",
                                          "offset": [
                                            0,
                                            0,
                                            2
                                          ],
                                          "type": "minecraft:matching_blocks"
                                        },
                                        {
                                          "blocks": "#arboria:tree_branch_replaceable",
                                          "offset": [
                                            0,
                                            0,
                                            3
                                          ],
                                          "type": "minecraft:matching_blocks"
                                        }
                                      ],
                                      "type": "minecraft:all_of"
                                    },
                                    "type": "minecraft:block_predicate_filter"
                                  }
                                ]
                              }
                            ]
                          },
                          "type": "minecraft:simple_random_selector"
                        },
                        "placement": [
                          {
                            "predicate": {
                              "blocks": "minecraft:spruce_log",
                              "type": "minecraft:matching_blocks"
                            },
                            "type": "minecraft:block_predicate_filter"
                          },
                          {
                            "count": 8,
                            "type": "minecraft:count"
                          },
                          {
                            "xz_spread": {
                              "distribution": [
                                {
                                  "data": -2,
                                  "weight": 1
                                },
                                {
                                  "data": {
                                    "type": "minecraft:uniform",
                                    "min_inclusive": -1,
                                    "max_inclusive": 1
                                  },
                                  "weight": 1
                                }
                              ],
                              "type": "minecraft:weighted_list"
                            },
                            "y_spread": -1,
                            "type": "minecraft:random_offset"
                          },
                          {
                            "predicate": {
                              "predicates": [
                                {
                                  "blocks": "#arboria:tree_branch_replaceable",
                                  "type": "minecraft:matching_blocks"
                                },
                                {
                                  "predicates": [
                                    {
                                      "blocks": "minecraft:spruce_log",
                                      "offset": [
                                        1,
                                        1,
                                        1
                                      ],
                                      "type": "minecraft:matching_blocks"
                                    },
                                    {
                                      "blocks": "minecraft:spruce_log",
                                      "offset": [
                                        0,
                                        1,
                                        1
                                      ],
                                      "type": "minecraft:matching_blocks"
                                    },
                                    {
                                      "blocks": "minecraft:spruce_log",
                                      "offset": [
                                        -1,
                                        1,
                                        1
                                      ],
                                      "type": "minecraft:matching_blocks"
                                    }
                                  ],
                                  "type": "minecraft:any_of"
                                },
                                {
                                  "blocks": "#arboria:tree_branch_replaceable",
                                  "offset": [
                                    -2,
                                    0,
                                    0
                                  ],
                                  "type": "minecraft:matching_blocks"
                                },
                                {
                                  "blocks": "#arboria:tree_branch_replaceable",
                                  "offset": [
                                    -1,
                                    0,
                                    0
                                  ],
                                  "type": "minecraft:matching_blocks"
                                },
                                {
                                  "blocks": "#arboria:tree_branch_replaceable",
                                  "offset": [
                                    1,
                                    0,
                                    0
                                  ],
                                  "type": "minecraft:matching_blocks"
                                },
                                {
                                  "blocks": "#arboria:tree_branch_replaceable",
                                  "offset": [
                                    2,
                                    0,
                                    0
                                  ],
                                  "type": "minecraft:matching_blocks"
                                },
                                {
                                  "blocks": "#arboria:tree_branch_replaceable",
                                  "offset": [
                                    1,
                                    0,
                                    1
                                  ],
                                  "type": "minecraft:matching_blocks"
                                },
                                {
                                  "blocks": "#arboria:tree_branch_replaceable",
                                  "offset": [
                                    0,
                                    0,
                                    1
                                  ],
                                  "type": "minecraft:matching_blocks"
                                },
                                {
                                  "blocks": "#arboria:tree_branch_replaceable",
                                  "offset": [
                                    -1,
                                    0,
                                    1
                                  ],
                                  "type": "minecraft:matching_blocks"
                                },
                                {
                                  "blocks": "#arboria:tree_branch_replaceable",
                                  "offset": [
                                    1,
                                    1,
                                    0
                                  ],
                                  "type": "minecraft:matching_blocks"
                                },
                                {
                                  "blocks": "#arboria:tree_branch_replaceable",
                                  "offset": [
                                    0,
                                    1,
                                    0
                                  ],
                                  "type": "minecraft:matching_blocks"
                                },
                                {
                                  "blocks": "#arboria:tree_branch_replaceable",
                                  "offset": [
                                    -1,
                                    1,
                                    0
                                  ],
                                  "type": "minecraft:matching_blocks"
                                }
                              ],
                              "type": "minecraft:all_of"
                            },
                            "type": "minecraft:block_predicate_filter"
                          },
                          {
                            "count": 28,
                            "type": "minecraft:count"
                          }
                        ]
                      }
                    ]
                  },
                  "type": "minecraft:simple_random_selector"
                },
                "placement": [
                  {
                    "predicate": {
                      "blocks": "minecraft:spruce_log",
                      "type": "minecraft:matching_blocks"
                    },
                    "type": "minecraft:block_predicate_filter"
                  },
                  {
                    "count": 8,
                    "type": "minecraft:count"
                  },
                  {
                    "xz_spread": {
                      "type": "minecraft:uniform",
                      "min_inclusive": -1,
                      "max_inclusive": 0
                    },
                    "y_spread": 0,
                    "type": "minecraft:random_offset"
                  },
                  {
                    "predicate": {
                      "predicates": [
                        {
                          "blocks": "minecraft:spruce_leaves",
                          "type": "minecraft:matching_blocks"
                        },
                        {
                          "blocks": "minecraft:spruce_log",
                          "offset": [
                            0,
                            0,
                            1
                          ],
                          "type": "minecraft:matching_blocks"
                        },
                        {
                          "blocks": "minecraft:spruce_log",
                          "offset": [
                            0,
                            0,
                            2
                          ],
                          "type": "minecraft:matching_blocks"
                        },
                        {
                          "blocks": "minecraft:spruce_log",
                          "offset": [
                            0,
                            -3,
                            2
                          ],
                          "type": "minecraft:matching_blocks"
                        },
                        {
                          "blocks": "minecraft:spruce_log",
                          "offset": [
                            0,
                            0,
                            -1
                          ],
                          "type": "minecraft:matching_blocks"
                        },
                        {
                          "blocks": "#arboria:tree_branch_replaceable",
                          "offset": [
                            0,
                            0,
                            -2
                          ],
                          "type": "minecraft:matching_blocks"
                        }
                      ],
                      "type": "minecraft:all_of"
                    },
                    "type": "minecraft:block_predicate_filter"
                  },
                  {
                    "count": 28,
                    "type": "minecraft:count"
                  }
                ]
              }
            ]
          },
          "type": "minecraft:simple_random_selector"
        },
        "placement": [
          {
            "count": 32,
            "type": "minecraft:count"
          },
          {
            "xz_spread": {
              "distribution": [
                {
                  "data": {
                    "type": "minecraft:uniform",
                    "min_inclusive": -3,
                    "max_inclusive": -2
                  },
                  "weight": 1
                },
                {
                  "data": 0,
                  "weight": 1
                }
              ],
              "type": "minecraft:weighted_list"
            },
            "y_spread": -1,
            "type": "minecraft:random_offset"
          },
          {
            "predicate": {
              "predicates": [
                {
                  "blocks": "#arboria:tree_branch_replaceable",
                  "type": "minecraft:matching_blocks"
                },
                {
                  "blocks": "minecraft:spruce_log",
                  "offset": [
                    0,
                    0,
                    1
                  ],
                  "type": "minecraft:matching_blocks"
                },
                {
                  "blocks": "minecraft:spruce_log",
                  "offset": [
                    0,
                    -3,
                    1
                  ],
                  "type": "minecraft:matching_blocks"
                },
                {
                  "blocks": "#arboria:tree_branch_replaceable",
                  "offset": [
                    1,
                    0,
                    -1
                  ],
                  "type": "minecraft:matching_blocks"
                },
                {
                  "blocks": "#arboria:tree_branch_replaceable",
                  "offset": [
                    2,
                    0,
                    -1
                  ],
                  "type": "minecraft:matching_blocks"
                },
                {
                  "blocks": "#arboria:tree_branch_replaceable",
                  "offset": [
                    -1,
                    0,
                    -1
                  ],
                  "type": "minecraft:matching_blocks"
                },
                {
                  "blocks": "#arboria:tree_branch_replaceable",
                  "offset": [
                    -2,
                    0,
                    -1
                  ],
                  "type": "minecraft:matching_blocks"
                },
                {
                  "predicate": {
                    "blocks": "minecraft:spruce_log",
                    "offset": [
                      0,
                      1,
                      0
                    ],
                    "type": "minecraft:matching_blocks"
                  },
                  "type": "minecraft:not"
                },
                {
                  "predicate": {
                    "blocks": "minecraft:spruce_log",
                    "offset": [
                      0,
                      2,
                      0
                    ],
                    "type": "minecraft:matching_blocks"
                  },
                  "type": "minecraft:not"
                },
                {
                  "predicate": {
                    "blocks": "minecraft:spruce_log",
                    "offset": [
                      0,
                      -1,
                      0
                    ],
                    "type": "minecraft:matching_blocks"
                  },
                  "type": "minecraft:not"
                },
                {
                  "predicate": {
                    "blocks": "minecraft:spruce_log",
                    "offset": [
                      0,
                      -2,
                      0
                    ],
                    "type": "minecraft:matching_blocks"
                  },
                  "type": "minecraft:not"
                }
              ],
              "type": "minecraft:all_of"
            },
            "type": "minecraft:block_predicate_filter"
          },
          {
            "count": 28,
            "type": "minecraft:count"
          }
        ]
      }
    ]
  },
  "type": "minecraft:simple_random_selector"
}