{
  "config": {
    "features": [
      {
        "feature": {
          "config": {
            "features": [
              {
                "feature": {
                  "config": {
                    "decorators": [],
                    "dirt_provider": {
                      "state": {
                        "Name": "minecraft:dirt"
                      },
                      "type": "minecraft:simple_state_provider"
                    },
                    "foliage_placer": {
                      "height": 1,
                      "offset": 0,
                      "radius": 0,
                      "type": "minecraft:fancy_foliage_placer"
                    },
                    "foliage_provider": {
                      "state": {
                        "Name": "minecraft:air"
                      },
                      "type": "minecraft:simple_state_provider"
                    },
                    "force_dirt": false,
                    "ignore_vines": true,
                    "minimum_size": {
                      "limit": 2,
                      "lower_size": 1,
                      "upper_size": 2,
                      "type": "minecraft:two_layers_feature_size"
                    },
                    "trunk_placer": {
                      "base_height": 5,
                      "height_rand_a": 1,
                      "height_rand_b": 0,
                      "type": "minecraft:straight_trunk_placer"
                    },
                    "trunk_provider": {
                      "state": {
                        "Name": "minecraft:cherry_log",
                        "Properties": {
                          "axis": "y"
                        }
                      },
                      "type": "minecraft:simple_state_provider"
                    }
                  },
                  "type": "minecraft:tree"
                },
                "placement": [
                  {
                    "predicate": {
                      "type": "minecraft:replaceable"
                    },
                    "type": "minecraft:block_predicate_filter"
                  }
                ]
              },
              {
                "feature": {
                  "config": {
                    "decorators": [
                      {
                        "probability": 0.05,
                        "type": "minecraft:beehive"
                      },
                      {
                        "block_provider": {
                          "state": {
                            "Name": "minecraft:cherry_leaves",
                            "Properties": {
                              "distance": "2",
                              "persistent": "false",
                              "waterlogged": "false"
                            }
                          },
                          "type": "minecraft:simple_state_provider"
                        },
                        "directions": [
                          "down"
                        ],
                        "exclusion_radius_xz": 0,
                        "exclusion_radius_y": 0,
                        "probability": 0.25,
                        "required_empty_blocks": 1,
                        "type": "minecraft:attached_to_leaves"
                      },
                      {
                        "block_provider": {
                          "state": {
                            "Name": "minecraft:cherry_leaves",
                            "Properties": {
                              "distance": "2",
                              "persistent": "false",
                              "waterlogged": "false"
                            }
                          },
                          "type": "minecraft:simple_state_provider"
                        },
                        "directions": [
                          "east"
                        ],
                        "exclusion_radius_xz": 0,
                        "exclusion_radius_y": 0,
                        "probability": 0.65,
                        "required_empty_blocks": 1,
                        "type": "minecraft:attached_to_leaves"
                      },
                      {
                        "block_provider": {
                          "state": {
                            "Name": "minecraft:cherry_leaves",
                            "Properties": {
                              "distance": "2",
                              "persistent": "false",
                              "waterlogged": "false"
                            }
                          },
                          "type": "minecraft:simple_state_provider"
                        },
                        "directions": [
                          "south"
                        ],
                        "exclusion_radius_xz": 0,
                        "exclusion_radius_y": 0,
                        "probability": 0.65,
                        "required_empty_blocks": 1,
                        "type": "minecraft:attached_to_leaves"
                      },
                      {
                        "block_provider": {
                          "state": {
                            "Name": "minecraft:cherry_leaves",
                            "Properties": {
                              "distance": "2",
                              "persistent": "false",
                              "waterlogged": "false"
                            }
                          },
                          "type": "minecraft:simple_state_provider"
                        },
                        "directions": [
                          "west"
                        ],
                        "exclusion_radius_xz": 0,
                        "exclusion_radius_y": 0,
                        "probability": 0.65,
                        "required_empty_blocks": 1,
                        "type": "minecraft:attached_to_leaves"
                      },
                      {
                        "block_provider": {
                          "state": {
                            "Name": "minecraft:cherry_leaves",
                            "Properties": {
                              "distance": "2",
                              "persistent": "false",
                              "waterlogged": "false"
                            }
                          },
                          "type": "minecraft:simple_state_provider"
                        },
                        "directions": [
                          "north"
                        ],
                        "exclusion_radius_xz": 0,
                        "exclusion_radius_y": 0,
                        "probability": 0.65,
                        "required_empty_blocks": 1,
                        "type": "minecraft:attached_to_leaves"
                      },
                      {
                        "block_provider": {
                          "state": {
                            "Name": "minecraft:cherry_leaves",
                            "Properties": {
                              "distance": "2",
                              "persistent": "false",
                              "waterlogged": "false"
                            }
                          },
                          "type": "minecraft:simple_state_provider"
                        },
                        "directions": [
                          "up"
                        ],
                        "exclusion_radius_xz": 0,
                        "exclusion_radius_y": 0,
                        "probability": 0.8,
                        "required_empty_blocks": 1,
                        "type": "minecraft:attached_to_leaves"
                      }
                    ],
                    "dirt_provider": {
                      "state": {
                        "Name": "minecraft:cherry_log",
                        "Properties": {
                          "axis": "y"
                        }
                      },
                      "type": "minecraft:simple_state_provider"
                    },
                    "foliage_placer": {
                      "height": 4,
                      "offset": 2,
                      "radius": 2,
                      "type": "minecraft:fancy_foliage_placer"
                    },
                    "foliage_provider": {
                      "state": {
                        "Name": "minecraft:cherry_leaves",
                        "Properties": {
                          "distance": "1",
                          "persistent": "false",
                          "waterlogged": "false"
                        }
                      },
                      "type": "minecraft:simple_state_provider"
                    },
                    "force_dirt": false,
                    "ignore_vines": true,
                    "minimum_size": {
                      "limit": 1,
                      "lower_size": 2,
                      "upper_size": 2,
                      "type": "minecraft:two_layers_feature_size"
                    },
                    "trunk_placer": {
                      "base_height": 5,
                      "can_grow_through": "#arboria:tree_branch_replaceable",
                      "extra_branch_length": {
                        "type": "minecraft:uniform",
                        "min_inclusive": 0,
                        "max_inclusive": 1
                      },
                      "extra_branch_steps": {
                        "type": "minecraft:uniform",
                        "min_inclusive": 4,
                        "max_inclusive": 5
                      },
                      "height_rand_a": 0,
                      "height_rand_b": 0,
                      "place_branch_per_log_probability": 0.7,
                      "type": "minecraft:upwards_branching_trunk_placer"
                    },
                    "trunk_provider": {
                      "state": {
                        "Name": "minecraft:cherry_log",
                        "Properties": {
                          "axis": "y"
                        }
                      },
                      "type": "minecraft:simple_state_provider"
                    }
                  },
                  "type": "minecraft:tree"
                },
                "placement": [
                  {
                    "predicate": {
                      "predicates": [
                        {
                          "blocks": "minecraft:cherry_log",
                          "type": "minecraft:matching_blocks"
                        },
                        {
                          "predicate": {
                            "blocks": "minecraft:cherry_log",
                            "offset": [
                              0,
                              6,
                              0
                            ],
                            "type": "minecraft:matching_blocks"
                          },
                          "type": "minecraft:not"
                        }
                      ],
                      "type": "minecraft:all_of"
                    },
                    "type": "minecraft:block_predicate_filter"
                  },
                  {
                    "direction_of_search": "up",
                    "max_steps": 7,
                    "target_condition": {
                      "predicate": {
                        "blocks": "minecraft:cherry_log",
                        "type": "minecraft:matching_blocks"
                      },
                      "type": "minecraft:not"
                    },
                    "type": "minecraft:environment_scan"
                  }
                ]
              },
              {
                "feature": "arboria_saplings:cherry/roots/2",
                "placement": [
                  {
                    "predicate": {
                      "blocks": "minecraft:cherry_log",
                      "type": "minecraft:matching_blocks"
                    },
                    "type": "minecraft:block_predicate_filter"
                  }
                ]
              }
            ]
          },
          "type": "minecraft:simple_random_selector"
        },
        "placement": [
          {
            "predicate": {
              "state": {
                "Name": "minecraft:cherry_sapling",
                "Properties": {
                  "stage": "0"
                }
              },
              "type": "minecraft:would_survive"
            },
            "type": "minecraft:block_predicate_filter"
          },
          {
            "count": 48,
            "type": "minecraft:count"
          }
        ]
      }
    ]
  },
  "type": "minecraft:simple_random_selector"
}