{
  "config": {
    "features": [
      {
        "feature": {
          "config": {
            "decorators": [
              {
                "block_provider": {
                  "state": {
                    "Name": "minecraft:jungle_leaves",
                    "Properties": {
                      "distance": "2",
                      "persistent": "false",
                      "waterlogged": "false"
                    }
                  },
                  "type": "minecraft:simple_state_provider"
                },
                "directions": [
                  "down"
                ],
                "exclusion_radius_xz": 0,
                "exclusion_radius_y": 0,
                "probability": 0.2,
                "required_empty_blocks": 2,
                "type": "minecraft:attached_to_leaves"
              },
              {
                "probability": 0.15,
                "type": "minecraft:leave_vine"
              }
            ],
            "dirt_provider": {
              "state": {
                "Name": "minecraft:air"
              },
              "type": "minecraft:simple_state_provider"
            },
            "foliage_placer": {
              "height": 1,
              "offset": 0,
              "radius": 2,
              "type": "minecraft:blob_foliage_placer"
            },
            "foliage_provider": {
              "state": {
                "Name": "minecraft:jungle_leaves",
                "Properties": {
                  "distance": "1",
                  "persistent": "false",
                  "waterlogged": "false"
                }
              },
              "type": "minecraft:simple_state_provider"
            },
            "force_dirt": false,
            "ignore_vines": true,
            "minimum_size": {
              "limit": 1,
              "lower_size": 0,
              "upper_size": 0,
              "type": "minecraft:two_layers_feature_size"
            },
            "trunk_placer": {
              "base_height": 1,
              "height_rand_a": 0,
              "height_rand_b": 0,
              "type": "minecraft:straight_trunk_placer"
            },
            "trunk_provider": {
              "state": {
                "Name": "minecraft:jungle_log",
                "Properties": {
                  "axis": "z"
                }
              },
              "type": "minecraft:simple_state_provider"
            }
          },
          "type": "minecraft:tree"
        },
        "placement": [
          {
            "count": 16,
            "type": "minecraft:count"
          },
          {
            "xz_spread": {
              "type": "minecraft:uniform",
              "min_inclusive": 0,
              "max_inclusive": 1
            },
            "y_spread": -1,
            "type": "minecraft:random_offset"
          },
          {
            "predicate": {
              "predicates": [
                {
                  "blocks": "#arboria:tree_branch_replaceable",
                  "type": "minecraft:matching_blocks"
                },
                {
                  "blocks": "minecraft:jungle_log",
                  "offset": [
                    0,
                    0,
                    -1
                  ],
                  "type": "minecraft:matching_blocks"
                },
                {
                  "blocks": "minecraft:jungle_log",
                  "offset": [
                    0,
                    -3,
                    -1
                  ],
                  "type": "minecraft:matching_blocks"
                },
                {
                  "blocks": "#arboria:tree_branch_replaceable",
                  "offset": [
                    1,
                    0,
                    0
                  ],
                  "type": "minecraft:matching_blocks"
                },
                {
                  "blocks": "#arboria:tree_branch_replaceable",
                  "offset": [
                    -1,
                    0,
                    0
                  ],
                  "type": "minecraft:matching_blocks"
                },
                {
                  "predicate": {
                    "blocks": "minecraft:jungle_log",
                    "offset": [
                      0,
                      1,
                      0
                    ],
                    "type": "minecraft:matching_blocks"
                  },
                  "type": "minecraft:not"
                },
                {
                  "predicate": {
                    "blocks": "minecraft:jungle_log",
                    "offset": [
                      0,
                      2,
                      0
                    ],
                    "type": "minecraft:matching_blocks"
                  },
                  "type": "minecraft:not"
                },
                {
                  "predicate": {
                    "blocks": "minecraft:jungle_log",
                    "offset": [
                      0,
                      -1,
                      0
                    ],
                    "type": "minecraft:matching_blocks"
                  },
                  "type": "minecraft:not"
                },
                {
                  "predicate": {
                    "blocks": "minecraft:jungle_log",
                    "offset": [
                      0,
                      -2,
                      0
                    ],
                    "type": "minecraft:matching_blocks"
                  },
                  "type": "minecraft:not"
                }
              ],
              "type": "minecraft:all_of"
            },
            "type": "minecraft:block_predicate_filter"
          },
          {
            "count": 4,
            "type": "minecraft:count"
          }
        ]
      }
    ]
  },
  "type": "minecraft:simple_random_selector"
}