{
  "config": {
    "features": [
      {
        "feature": {
          "config": {
            "features": [
              {
                "feature": "arboria:grove_spruce/3",
                "placement": [
                  {
                    "predicate": {
                      "type": "minecraft:replaceable"
                    },
                    "type": "minecraft:block_predicate_filter"
                  }
                ]
              },
              {
                "feature": "arboria:snowy_spruce/snow_disk/3",
                "placement": [
                  {
                    "predicate": {
                      "blocks": "minecraft:spruce_log",
                      "type": "minecraft:matching_blocks"
                    },
                    "type": "minecraft:block_predicate_filter"
                  },
                  {
                    "direction_of_search": "up",
                    "max_steps": 20,
                    "target_condition": {
                      "predicate": {
                        "blocks": [
                          "minecraft:spruce_log",
                          "minecraft:stripped_spruce_log",
                          "minecraft:spruce_leaves"
                        ],
                        "type": "minecraft:matching_blocks"
                      },
                      "type": "minecraft:not"
                    },
                    "type": "minecraft:environment_scan"
                  },
                  {
                    "predicate": {
                      "predicate": {
                        "blocks": "minecraft:snow",
                        "type": "minecraft:matching_blocks"
                      },
                      "type": "minecraft:not"
                    },
                    "type": "minecraft:block_predicate_filter"
                  },
                  {
                    "xz_spread": 0,
                    "y_spread": -2,
                    "type": "minecraft:random_offset"
                  },
                  {
                    "count": 16,
                    "type": "minecraft:count"
                  },
                  {
                    "xz_spread": 0,
                    "y_spread": {
                      "type": "minecraft:uniform",
                      "min_inclusive": -15,
                      "max_inclusive": 0
                    },
                    "type": "minecraft:random_offset"
                  }
                ]
              },
              {
                "feature": "arboria:snowy_spruce/snowy_grass/3",
                "placement": [
                  {
                    "predicate": {
                      "blocks": "minecraft:spruce_log",
                      "type": "minecraft:matching_blocks"
                    },
                    "type": "minecraft:block_predicate_filter"
                  },
                  {
                    "count": 4,
                    "type": "minecraft:count"
                  },
                  {
                    "xz_spread": 0,
                    "y_spread": {
                      "type": "minecraft:uniform",
                      "min_inclusive": -4,
                      "max_inclusive": 4
                    },
                    "type": "minecraft:random_offset"
                  }
                ]
              }
            ]
          },
          "type": "minecraft:simple_random_selector"
        },
        "placement": [
          {
            "predicate": {
              "blocks": [
                "minecraft:snow_block",
                "minecraft:powder_snow"
              ],
              "offset": [
                0,
                -1,
                0
              ],
              "type": "minecraft:matching_blocks"
            },
            "type": "minecraft:block_predicate_filter"
          },
          {
            "count": 48,
            "type": "minecraft:count"
          }
        ]
      }
    ]
  },
  "type": "minecraft:simple_random_selector"
}