{
  "config": {
    "features": [
      {
        "feature": "arboria_saplings:sequoia/branch/6_east",
        "placement": []
      },
      {
        "feature": "arboria_saplings:sequoia/branch/6_south",
        "placement": []
      },
      {
        "feature": "arboria_saplings:sequoia/branch/6_west",
        "placement": []
      },
      {
        "feature": "arboria_saplings:sequoia/branch/6_north",
        "placement": []
      }
    ]
  },
  "type": "minecraft:simple_random_selector"
}